{"cameraMode":{"drawMode":0,"name":"Shaded","section":"Shading Mode"},"sceneLighting":true,"audioPlay":false,"sceneViewState":{"m_AlwaysRefresh":false,"showFog":true,"showSkybox":true,"showFlares":true,"showImageEffects":true,"showParticleSystems":true,"showVisualEffectGraphs":true,"m_FxEnabled":true},"in2DMode":false,"pivot":{"x":-0.3186394274234772,"y":-0.16953828930854798,"z":0.349844753742218},"rotation":{"x":-0.09718731790781021,"y":0.885768473148346,"z":-0.21535512804985047,"w":-0.39974021911621096},"size":28.559711456298829,"orthographic":false}