{"cameraMode":{"drawMode":0,"name":"Shaded","section":"Shading Mode"},"sceneLighting":true,"audioPlay":false,"sceneViewState":{"m_AlwaysRefresh":false,"showFog":true,"showSkybox":true,"showFlares":true,"showImageEffects":true,"showParticleSystems":true,"showVisualEffectGraphs":true,"m_FxEnabled":true},"in2DMode":false,"pivot":{"x":0.018518447875976564,"y":-0.6573504209518433,"z":-1.1952486038208008},"rotation":{"x":0.1572519689798355,"y":-0.6245761513710022,"z":0.13007916510105134,"w":0.7539762854576111},"size":3.152629852294922,"orthographic":false}