{"cameraMode":{"drawMode":0,"name":"Shaded","section":"Shading Mode"},"sceneLighting":true,"audioPlay":false,"sceneViewState":{"m_AlwaysRefresh":false,"showFog":true,"showSkybox":true,"showFlares":true,"showImageEffects":true,"showParticleSystems":true,"showVisualEffectGraphs":true,"m_FxEnabled":true},"in2DMode":false,"pivot":{"x":-1.0552555322647095,"y":0.5929572582244873,"z":0.6133648753166199},"rotation":{"x":0.04168581962585449,"y":0.6590731739997864,"z":-0.0366009920835495,"w":0.7500582933425903},"size":1.5253915786743165,"orthographic":false}